ClientID,AccountID,TotalBankOrderAmount
3629,3005,22704.3
2866,2371,21785.3
2865,2371,21785.3
3517,2910,21725.3
2083,1718,21634.0
13113,10663,21322.2
1102,915,20740.0
12102,9833,20582.0
861,718,20301.0
1705,1407,20109.7
1706,1407,20109.7
3768,3115,20076.3
3767,3115,20076.3
12756,10365,20064.0
12810,10411,20024.0
6967,5758,19962.7
1350,1125,19961.0
1351,1125,19961.0
10511,8519,19935.3
10510,8519,19935.3
2522,2080,19589.0
2523,2080,19589.0
2606,2153,19392.5
2392,1967,19358.0
2403,1978,18957.3
7678,6358,18708.8
12662,10297,18673.0
4956,4116,18648.2
13820,11244,18644.5
6473,5362,18601.3
6474,5362,18601.3
11329,9201,18564.0
13089,10644,18551.7
8598,7123,18499.2
3526,2918,18484.2
3525,2918,18484.2
6567,5442,18478.3
8393,6950,18471.0
8392,6950,18471.0
1594,1318,18352.0
10075,8158,18316.7
4435,3679,18285.0
4434,3679,18285.0
1311,1093,18283.8
12376,10063,18246.7
5245,4354,18217.3
5699,4725,18136.2
11516,9353,18099.0
11517,9353,18099.0
272,226,18040.0
5200,4318,18005.6
5201,4318,18005.6
310,257,17982.7
12616,10257,17952.3
6039,4999,17943.5
6040,4999,17943.5
13956,11349,17884.0
13955,11349,17884.0
7727,6400,17875.7
11866,9640,17868.3
11867,9640,17868.3
12163,9883,17765.9
13262,10789,17756.7
13261,10789,17756.7
11794,9583,17748.7
11795,9583,17748.7
2148,1772,17627.0
11126,9034,17612.0
9457,7637,17524.0
9458,7637,17524.0
13803,11231,17452.5
11638,9455,17445.8
11637,9455,17445.8
8568,7099,17412.5
6391,5290,17411.0
4901,4066,17363.5
7843,6495,17353.0
210,173,17342.0
211,173,17342.0
7959,6592,17265.7
2699,2227,17259.7
2698,2227,17259.7
4722,3916,17241.7
10997,8926,17216.0
10998,8926,17216.0
4055,3353,17174.2
4229,3501,17119.0
5788,4794,17025.0
5028,4171,16947.8
9340,7542,16919.0
1738,1432,16857.2
1737,1432,16857.2
3081,2551,16809.0
3080,2551,16809.0
11409,9265,16808.3
3687,3050,16783.5
3688,3050,16783.5
12695,10320,16742.8
11250,9138,16722.3
12417,10093,16611.0
12416,10093,16611.0
3395,2811,16564.9
11886,9656,16534.5
3906,3229,16491.2
384,314,16476.0
383,314,16476.0
4531,3755,16456.1
12843,10439,16449.0
4754,3942,16410.5
9973,8073,16372.0
13750,11186,16351.2
13751,11186,16351.2
12328,10022,16324.7
7043,5817,16306.0
9987,8085,16221.0
5134,4260,16081.5
2008,1656,16067.3
490,405,16047.0
2886,2390,16023.0
2885,2390,16023.0
7325,6062,15964.0
8432,6985,15854.5
8433,6985,15854.5
10563,8564,15848.0
10564,8564,15848.0
10566,8566,15843.8
12859,10451,15830.0
12181,9897,15812.5
9833,7957,15794.0
9834,7957,15794.0
2621,2165,15767.8
10355,8381,15729.8
13451,10942,15714.0
741,617,15687.2
5873,4863,15676.3
3537,2929,15673.3
6731,5574,15597.0
4968,4127,15595.2
7195,5952,15565.3
13071,10630,15563.0
4325,3584,15558.7
12050,9790,15482.0
12051,9790,15482.0
8089,6699,15457.2
1409,1170,15336.3
12468,10134,15216.8
583,485,15213.6
533,442,15129.0
444,365,15090.0
5133,4259,15089.0
5563,4616,15038.7
9715,7857,15012.0
12908,10493,15011.3
12308,10005,15005.2
169,141,14985.5
170,141,14985.5
4853,4026,14949.4
2195,1811,14941.8
353,291,14928.9
13134,10679,14911.8
6122,5072,14894.0
3432,2840,14839.0
13539,11013,14834.0
1024,850,14811.0
10040,8127,14799.8
10041,8127,14799.8
3258,2700,14796.0
2729,2254,14716.3
1690,1396,14707.0
3548,2938,14700.3
7434,6157,14688.2
4994,4144,14668.7
4993,4144,14668.7
2058,1695,14658.0
5322,4415,14653.0
6829,5650,14638.3
4290,3555,14632.8
6275,5196,14557.5
10702,8680,14545.2
10703,8680,14545.2
2635,2176,14527.8
6546,5423,14526.0
3319,2749,14520.0
3320,2749,14520.0
11686,9494,14482.0
11687,9494,14482.0
13576,11042,14467.8
3197,2651,14454.9
3198,2651,14454.9
2205,1819,14445.8
13095,10650,14444.0
9775,7907,14443.2
9776,7907,14443.2
2471,2035,14433.2
2470,2035,14433.2
3992,3300,14418.5
4387,3638,14417.0
3753,3103,14408.0
9276,7487,14400.9
1499,1242,14399.7
3312,2744,14384.0
371,304,14367.0
5393,4471,14347.2
3987,3296,14339.0
2823,2335,14286.0
10273,8320,14266.2
10274,8320,14266.2
2121,1749,14238.8
1018,844,14171.0
100,84,14161.0
5281,4383,14157.0
11130,9037,14156.0
11131,9037,14156.0
2929,2424,14138.0
9274,7485,14078.8
9273,7485,14078.8
751,625,14064.2
13590,11054,13988.0
4560,3782,13951.0
1509,1250,13935.2
12144,9869,13911.0
12145,9869,13911.0
6042,5001,13880.5
3929,3249,13874.0
255,212,13841.0
3294,2728,13829.0
6789,5622,13818.3
8276,6856,13770.0
2056,1693,13758.0
78,67,13753.0
2966,2456,13741.3
13417,10915,13697.8
7412,6138,13686.3
7411,6138,13686.3
3336,2763,13671.2
218,179,13667.0
6729,5572,13662.0
992,825,13658.0
4377,3629,13649.5
6610,5477,13621.3
2063,1698,13585.0
981,817,13580.0
4141,3426,13576.0
458,378,13567.2
5284,4386,13544.0
3063,2537,13540.0
3285,2720,13533.2
3284,2720,13533.2
774,645,13466.0
4656,3862,13412.8
3029,2509,13400.0
3264,2705,13331.2
4668,3872,13325.2
4667,3872,13325.2
9417,7606,13321.8
2193,1809,13312.0
2192,1809,13312.0
11405,9263,13234.3
11406,9263,13234.3
9844,7965,13223.0
9845,7965,13223.0
6383,5283,13208.0
2814,2327,13208.0
1862,1536,13204.0
9451,7632,13180.0
9450,7632,13180.0
2586,2139,13166.0
2587,2139,13166.0
160,133,13160.0
2181,1801,13152.0
10351,8377,13140.8
10350,8377,13140.8
2136,1762,13070.0
2623,2167,13016.0
13447,10940,13010.0
13448,10940,13010.0
10389,8411,12996.3
3073,2545,12954.0
3072,2545,12954.0
1045,867,12943.0
10662,8645,12934.0
6417,5313,12927.2
7150,5912,12922.8
1772,1461,12922.1
5642,4681,12919.0
6893,5698,12876.0
6892,5698,12876.0
5223,4336,12872.0
1282,1068,12861.5
2835,2346,12839.0
2975,2464,12828.0
4003,3311,12827.9
1936,1598,12822.0
1937,1598,12822.0
5149,4273,12804.2
1583,1309,12799.0
9505,7674,12797.3
3765,3113,12766.0
8670,7184,12765.0
2000,1650,12749.0
3164,2622,12748.0
3163,2622,12748.0
5468,4533,12732.5
2822,2334,12720.0
3824,3163,12705.7
3825,3163,12705.7
3332,2759,12692.0
4167,3446,12659.0
3546,2936,12647.0
2304,1897,12615.5
2303,1897,12615.5
3130,2594,12607.0
512,426,12584.2
967,807,12579.0
3471,2872,12571.0
2237,1845,12537.0
2238,1845,12537.0
12547,10202,12524.3
2431,2001,12524.0
11683,9491,12519.0
5217,4332,12494.6
4304,3567,12473.3
1444,1196,12445.0
1443,1196,12445.0
3484,2882,12443.0
3667,3035,12443.0
3668,3035,12443.0
116,97,12438.0
117,97,12438.0
1986,1638,12425.0
1985,1638,12425.0
3738,3090,12416.2
2560,2116,12413.8
5318,4413,12412.0
5319,4413,12412.0
559,465,12404.5
5338,4427,12323.0
5337,4427,12323.0
85,72,12318.0
86,72,12318.0
2626,2170,12317.0
9582,7745,12313.8
4518,3745,12310.0
10382,8405,12286.0
4482,3717,12285.2
3335,2762,12266.0
8666,7180,12245.5
1366,1136,12214.8
3351,2775,12146.5
3350,2775,12146.5
3057,2532,12133.0
3056,2532,12133.0
1107,918,12115.0
2266,1868,12111.0
9546,7713,12091.7
4520,3747,12081.0
4673,3876,12056.0
2291,1888,12032.0
3538,2930,12032.0
5050,4190,12006.0
2223,1832,12000.1
2066,1701,11996.3
3601,2982,11994.0
3602,2982,11994.0
4369,3622,11984.0
4371,3624,11953.0
415,339,11936.2
414,339,11936.2
1791,1478,11931.0
2550,2106,11928.0
13912,11317,11923.8
8548,7082,11885.0
9664,7815,11843.8
9663,7815,11843.8
1909,1576,11816.0
10282,8327,11804.2
4790,3971,11795.0
9997,8094,11788.0
3977,3286,11785.0
3039,2517,11769.0
2277,1876,11762.0
3984,3293,11745.7
9760,7894,11738.7
11372,9236,11733.0
939,785,11730.8
2591,2142,11712.0
2590,2142,11712.0
8738,7240,11671.7
8737,7240,11671.7
4606,3822,11657.0
1681,1389,11603.7
11768,9560,11596.7
9675,7824,11584.8
536,445,11565.0
593,494,11564.6
4077,3371,11549.0
1847,1523,11527.0
4428,3674,11471.7
5126,4253,11469.2
4745,3935,11462.0
3970,3279,11462.0
13201,10738,11449.5
1637,1350,11447.0
6001,4969,11421.8
2494,2055,11365.0
4907,4071,11350.0
4906,4071,11350.0
3494,2891,11298.0
3890,3216,11297.3
5320,4414,11276.0
5321,4414,11276.0
2302,1896,11254.5
4569,3789,11244.0
6499,5385,11243.3
1989,1641,11226.6
1990,1641,11226.6
10476,8489,11205.0
10475,8489,11205.0
1209,1005,11198.0
3251,2694,11168.0
3252,2694,11168.0
11004,8931,11147.7
1670,1380,11129.0
4504,3733,11123.0
4505,3733,11123.0
123,102,11120.2
2229,1838,11012.1
3798,3141,10992.0
4278,3544,10975.0
13412,10911,10959.0
11286,9167,10919.3
7567,6265,10913.5
11545,9377,10905.0
11461,9307,10880.5
3903,3227,10868.0
4025,3329,10853.0
4024,3329,10853.0
631,525,10836.7
4643,3851,10799.0
13246,10774,10794.0
5236,4346,10785.0
3166,2624,10744.0
11274,9159,10735.0
6544,5422,10735.0
11275,9159,10735.0
6545,5422,10735.0
11685,9493,10733.8
5860,4852,10719.0
5977,4948,10706.2
13971,11362,10687.0
585,487,10684.0
586,487,10684.0
290,240,10671.0
291,240,10671.0
2,2,10638.7
9173,7401,10638.7
3,2,10638.7
9174,7401,10638.7
1828,1508,10624.7
5395,4473,10619.0
550,458,10617.0
9202,7424,10614.2
31,25,10614.2
11314,9188,10591.3
11754,9548,10575.0
1098,911,10568.0
13852,11271,10558.3
9606,7765,10549.0
5215,4330,10535.6
5214,4330,10535.6
12359,10049,10526.0
12358,10049,10526.0
1040,863,10520.3
1215,1011,10485.5
3542,2933,10449.0
3543,2933,10449.0
11596,9422,10425.5
2501,2062,10425.5
3942,3258,10424.0
1609,1329,10409.2
1608,1329,10409.2
5521,4580,10407.8
1295,1079,10392.0
32,26,10387.0
4584,3804,10371.7
1458,1207,10362.0
1417,1177,10346.0
7423,6148,10337.0
7422,6148,10337.0
6469,5358,10330.0
3690,3052,10319.5
4811,3990,10312.0
5232,4342,10307.0
45,37,10305.5
1755,1447,10294.7
1865,1538,10288.0
1864,1538,10288.0
826,689,10257.2
1370,1139,10247.8
13640,11096,10216.0
4418,3665,10210.8
39,31,10202.0
10828,8784,10195.0
5858,4851,10187.2
5859,4851,10187.2
9872,7990,10178.0
3891,3217,10147.3
5144,4268,10145.0
5143,4268,10145.0
3406,2818,10141.0
3405,2818,10141.0
8667,7181,10137.5
1944,1603,10124.0
10636,8625,10121.8
3326,2754,10093.3
5358,4442,10092.0
4139,3424,10085.0
5606,4650,10082.0
3026,2506,10076.0
11873,9645,10076.0
9370,7565,10074.8
4464,3702,10068.0
3192,2646,10065.8
1778,1466,10056.0
1777,1466,10056.0
6366,5269,10010.0
8764,7262,9996.0
4196,3472,9988.0
1830,1510,9985.0
2110,1739,9979.0
4088,3381,9971.0
4089,3381,9971.0
1949,1607,9958.0
1948,1607,9958.0
3376,2795,9957.0
3377,2795,9957.0
1899,1567,9935.0
452,372,9933.0
2235,1843,9932.7
3801,3143,9928.0
3800,3143,9928.0
5701,4727,9926.0
2998,2483,9922.0
2610,2156,9921.0
2214,1826,9921.0
2609,2156,9921.0
2200,1815,9896.0
4578,3798,9895.0
2684,2216,9889.0
331,274,9886.0
3222,2668,9884.0
107,90,9882.0
4042,3343,9873.0
2562,2118,9871.0
6987,5774,9855.0
348,286,9848.0
347,286,9848.0
11713,9513,9846.0
11714,9513,9846.0
3333,2760,9845.0
4142,3427,9843.0
4067,3364,9841.7
4078,3372,9838.0
1676,1385,9834.0
2212,1824,9834.0
1677,1385,9834.0
4530,3754,9829.0
4529,3754,9829.0
389,319,9818.5
2585,2138,9788.0
1557,1287,9767.0
2864,2370,9747.0
6753,5593,9746.8
6178,5120,9746.7
12586,10233,9740.7
2130,1758,9739.0
3038,2516,9721.0
1052,874,9720.3
1053,874,9720.3
1600,1323,9720.0
1599,1323,9720.0
1872,1544,9715.0
1873,1544,9715.0
4161,3440,9714.0
2488,2050,9704.0
2844,2353,9700.0
2217,1828,9694.5
2216,1828,9694.5
5760,4774,9689.0
5761,4774,9689.0
3083,2553,9687.0
333,276,9682.5
2089,1723,9680.0
2090,1723,9680.0
11252,9140,9673.0
4395,3645,9672.0
46,38,9666.8
9217,7437,9666.8
3512,2906,9658.0
4009,3316,9655.0
1019,845,9651.0
3860,3193,9641.0
4365,3618,9638.0
3324,2753,9637.0
3325,2753,9637.0
2015,1662,9626.0
2873,2378,9612.0
4715,3909,9609.0
1860,1534,9606.0
2701,2229,9605.0
5141,4266,9605.0
6922,5724,9599.0
2041,1681,9588.0
1080,897,9586.0
243,201,9584.0
1038,861,9583.0
4653,3860,9571.5
9721,7861,9564.0
4542,3766,9546.0
3105,2574,9546.0
2122,1750,9545.0
2390,1965,9541.0
2941,2435,9537.9
13090,10645,9527.0
3313,2745,9527.0
3789,3133,9518.0
833,695,9516.0
3074,2546,9513.5
2806,2319,9510.0
4721,3915,9510.0
8661,7176,9509.0
1825,1506,9498.0
5965,4937,9483.2
7765,6434,9480.2
3427,2836,9472.0
3428,2836,9472.0
11911,9677,9471.0
3407,2819,9461.0
3408,2819,9461.0
7299,6040,9460.0
3612,2991,9455.0
3613,2991,9455.0
239,197,9454.0
615,512,9449.0
11978,9731,9447.7
11979,9731,9447.7
4220,3492,9447.0
4761,3946,9439.0
4760,3946,9439.0
2104,1734,9431.0
747,622,9428.0
1617,1336,9426.0
2919,2416,9425.0
2918,2416,9425.0
4107,3397,9400.0
3713,3071,9390.0
2656,2194,9386.0
2316,1906,9385.8
2207,1821,9385.0
2208,1821,9385.0
273,227,9381.0
4494,3726,9373.0
2958,2450,9370.0
2997,2482,9369.0
6196,5133,9366.0
4026,3330,9364.7
1223,1019,9364.0
5326,4418,9359.0
5325,4418,9359.0
5171,4293,9358.0
2876,2381,9358.0
2361,1943,9357.0
2362,1943,9357.0
1120,930,9356.0
3823,3162,9350.0
1248,1040,9350.0
12730,10345,9347.0
12729,10345,9347.0
1586,1311,9327.0
1585,1311,9327.0
10,8,9324.0
11,8,9324.0
504,418,9316.0
379,311,9300.0
378,311,9300.0
330,273,9299.1
2473,2037,9297.0
1528,1266,9291.0
2860,2367,9279.0
2481,2044,9278.0
13968,11359,9274.3
621,517,9255.0
1008,837,9250.0
2593,2143,9249.0
2592,2143,9249.0
778,648,9240.0
1522,1261,9222.0
3257,2699,9221.0
4137,3422,9212.0
4079,3373,9211.0
6115,5066,9207.8
10813,8772,9196.3
1512,1253,9195.0
4062,3360,9194.0
120,99,9185.0
4113,3402,9177.0
2805,2318,9177.0
2842,2351,9173.0
2539,2096,9172.0
2841,2350,9166.2
1967,1623,9160.0
1968,1623,9160.0
4206,3479,9156.0
10777,8742,9154.0
10778,8742,9154.0
4601,3818,9135.0
4602,3818,9135.0
1714,1414,9134.0
2203,1817,9131.0
3787,3131,9131.0
3421,2830,9131.0
975,812,9128.0
1317,1097,9125.0
1316,1097,9125.0
1699,1403,9120.0
1347,1123,9112.0
1348,1123,9112.0
230,190,9110.0
4739,3930,9101.0
483,399,9099.5
4575,3795,9098.0
3915,3237,9095.0
2611,2157,9094.0
1157,960,9091.0
590,491,9090.0
1701,1404,9086.0
1700,1404,9086.0
1995,1645,9078.0
2845,2354,9071.0
4546,3770,9060.0
3911,3233,9044.0
3570,2956,9042.0
92,78,9039.0
3769,3116,9037.0
1067,886,9034.0
2654,2192,9030.0
2072,1707,9026.9
4791,3972,9024.0
4532,3756,9023.0
677,564,9008.0
4623,3836,8995.0
4453,3693,8992.0
4454,3693,8992.0
338,280,8985.0
1100,913,8984.0
3632,3007,8981.0
2853,2361,8965.0
4789,3970,8957.0
7324,6061,8950.0
4332,3590,8939.0
1480,1227,8936.0
5313,4408,8935.9
5312,4408,8935.9
2103,1733,8934.0
605,503,8921.0
3305,2738,8914.0
1146,950,8910.0
3916,3238,8902.0
3917,3238,8902.0
828,690,8901.0
827,690,8901.0
122,101,8892.0
13380,10884,8888.0
3772,3118,8886.0
3771,3118,8886.0
3574,2960,8884.0
3186,2640,8872.0
4636,3845,8866.0
2831,2343,8862.0
3369,2790,8862.0
4620,3834,8861.0
4621,3834,8861.0
4916,4079,8860.0
996,828,8852.0
1325,1104,8840.0
3918,3239,8838.0
1832,1512,8822.0
422,345,8819.0
2165,1786,8818.0
2164,1786,8818.0
9930,8039,8815.5
3893,3219,8811.0
10201,8261,8796.8
10200,8261,8796.8
754,627,8782.0
2317,1907,8775.0
3346,2771,8767.0
3345,2771,8767.0
4285,3550,8762.0
4284,3550,8762.0
1867,1540,8761.0
2469,2034,8744.0
9403,7594,8742.0
3384,2800,8740.0
501,415,8740.0
2493,2054,8738.0
476,395,8735.0
477,395,8735.0
3295,2729,8733.0
3225,2670,8732.0
652,541,8728.0
497,412,8727.0
498,412,8727.0
3974,3283,8720.0
2613,2159,8719.0
2288,1886,8710.7
2289,1886,8710.7
2932,2427,8706.0
3815,3155,8704.0
3328,2756,8702.0
192,159,8694.0
8777,7274,8689.8
3378,2796,8672.0
3379,2796,8672.0
6015,4981,8666.0
3564,2950,8653.0
4148,3431,8649.0
4147,3431,8649.0
8359,6924,8644.5
2625,2169,8640.0
4136,3421,8640.0
3185,2639,8633.0
2458,2023,8631.0
2457,2023,8631.0
3518,2911,8629.0
4550,3774,8626.0
238,196,8626.0
3540,2932,8615.3
3541,2932,8615.3
2809,2322,8610.0
2178,1798,8605.0
2794,2309,8604.0
2795,2309,8604.0
1516,1256,8602.0
3201,2653,8590.0
1349,1124,8582.7
819,683,8578.0
820,683,8578.0
3431,2839,8577.0
4360,3614,8563.7
6359,5263,8555.0
4043,3344,8537.0
1303,1085,8537.0
1300,1083,8532.0
10275,8321,8525.0
10276,8321,8525.0
2659,2197,8524.0
7970,6602,8523.0
2758,2278,8522.0
3643,3016,8517.0
11804,9591,8508.7
4657,3863,8504.0
352,290,8504.0
3945,3260,8502.0
3944,3260,8502.0
1556,1286,8500.0
7339,6075,8499.0
496,411,8499.0
2700,2228,8498.7
1236,1029,8478.0
3594,2976,8473.0
2617,2162,8468.0
2616,2162,8468.0
4495,3727,8464.0
3280,2716,8445.0
3279,2716,8445.0
3851,3185,8445.0
3850,3185,8445.0
1231,1026,8434.0
1232,1026,8434.0
1595,1319,8431.0
11093,9006,8424.0
3383,2799,8406.0
1064,883,8406.0
3382,2799,8406.0
4186,3463,8384.0
445,366,8380.0
446,366,8380.0
13,10,8377.0
351,289,8366.0
3821,3160,8364.0
3365,2787,8356.0
2146,1770,8351.0
2227,1836,8351.0
11380,9241,8348.7
11379,9241,8348.7
3947,3262,8340.0
1408,1169,8339.0
5517,4576,8339.0
547,455,8339.0
13687,11135,8337.0
4041,3342,8335.0
4040,3342,8335.0
341,282,8333.0
342,282,8333.0
3492,2889,8330.0
556,462,8325.0
1691,1397,8319.0
3356,2779,8311.0
3739,3091,8309.0
3568,2954,8306.0
4576,3796,8301.0
970,809,8298.0
2526,2083,8282.0
531,441,8279.0
532,441,8279.0
2989,2475,8278.0
4215,3487,8275.0
1625,1342,8272.0
1624,1342,8272.0
1402,1165,8270.0
1403,1165,8270.0
743,619,8267.0
10043,8129,8260.0
12133,9859,8259.5
1158,961,8255.0
8506,7049,8253.2
143,119,8252.0
1435,1190,8249.0
4658,3864,8237.0
426,349,8228.0
427,349,8228.0
10209,8268,8228.0
2430,2000,8227.0
4373,3626,8224.0
1269,1056,8223.7
798,666,8218.0
799,666,8218.0
1140,945,8215.0
3191,2645,8212.0
3396,2812,8211.0
725,606,8211.0
568,472,8200.2
276,230,8200.0
277,230,8200.0
3582,2967,8197.0
13620,11079,8191.5
4975,4131,8190.1
4974,4131,8190.1
3157,2616,8188.0
3054,2530,8176.0
1996,1646,8172.0
3271,2711,8171.0
4358,3612,8167.0
514,427,8166.0
513,427,8166.0
1238,1031,8166.0
115,96,8160.1
114,96,8160.1
11662,9472,8152.0
4765,3950,8140.0
3745,3096,8138.0
4291,3556,8137.8
576,478,8137.0
575,478,8137.0
9250,7465,8130.6
3414,2824,8130.0
4490,3722,8123.0
4489,3722,8123.0
1800,1486,8118.0
2947,2440,8110.0
1898,1566,8109.0
1662,1374,8107.3
10023,8114,8107.0
3107,2576,8106.0
3108,2576,8106.0
2006,1655,8104.0
2007,1655,8104.0
3393,2809,8103.0
4456,3695,8101.0
762,635,8097.0
3049,2527,8096.6
3050,2527,8096.6
1913,1580,8094.2
1917,1583,8094.2
686,572,8094.0
687,572,8094.0
2510,2070,8092.0
3199,2652,8086.0
1339,1116,8086.0
3200,2652,8086.0
3095,2564,8086.0
2225,1834,8084.0
2696,2226,8082.0
2697,2226,8082.0
65,56,8080.0
1037,860,8071.0
1762,1453,8070.8
811,675,8062.0
810,675,8062.0
4604,3820,8054.0
42,34,8051.0
2102,1732,8050.0
2190,1808,8033.2
2166,1787,8033.2
2191,1808,8033.2
3900,3225,8030.0
3901,3225,8030.0
765,638,8028.0
3655,3026,8024.0
1327,1106,8022.8
12079,9814,8013.7
9316,7523,8013.0
1783,1471,8011.0
3311,2743,8011.0
1890,1559,8004.0
3473,2873,7994.0
3472,2873,7994.0
4103,3393,7993.0
4102,3393,7993.0
2922,2419,7984.3
1363,1134,7980.0
2045,1685,7968.0
2046,1685,7968.0
4315,3577,7964.0
2637,2178,7959.0
1742,1435,7949.0
2915,2413,7944.0
433,355,7939.0
121,100,7927.0
2740,2263,7927.0
193,160,7926.0
5046,4186,7922.0
2652,2190,7921.0
3030,2510,7918.0
12485,10148,7913.0
4074,3368,7908.0
4073,3368,7908.0
616,513,7908.0
3487,2885,7905.0
1857,1532,7903.0
1856,1532,7903.0
7672,6353,7902.0
4134,3419,7898.0
266,221,7896.0
1410,1171,7893.0
1411,1171,7893.0
2787,2303,7892.0
4925,4088,7890.7
9846,7966,7887.7
1965,1621,7887.0
4346,3603,7883.0
3962,3273,7876.0
423,346,7875.0
1510,1251,7870.0
500,414,7870.0
4338,3595,7868.0
2676,2211,7863.0
4416,3663,7862.0
30,24,7862.0
4571,3791,7862.0
1929,1591,7859.0
4401,3650,7858.0
2073,1708,7858.0
1580,1306,7853.0
2177,1797,7850.0
644,535,7848.0
1275,1062,7844.0
5399,4476,7843.0
4331,3589,7843.0
4382,3633,7836.0
3806,3147,7827.0
3509,2903,7826.0
3508,2903,7826.0
4430,3675,7824.0
4429,3675,7824.0
1663,1375,7819.0
380,312,7814.0
1280,1067,7811.0
1281,1067,7811.0
3959,3270,7806.0
424,347,7801.2
3618,2996,7798.0
4437,3681,7797.0
4438,3681,7797.0
1020,846,7795.5
2206,1820,7794.0
2525,2082,7791.0
2561,2117,7786.0
716,598,7781.0
6301,5215,7778.0
4548,3772,7775.0
4524,3750,7774.0
4525,3750,7774.0
4833,4010,7772.0
668,555,7768.0
3092,2561,7764.0
2712,2239,7760.0
10517,8523,7753.3
3436,2843,7746.0
3437,2843,7746.0
1657,1369,7743.0
11114,9024,7742.0
7291,6034,7741.8
13657,11111,7740.5
13658,11111,7740.5
3013,2496,7734.0
3014,2496,7734.0
3085,2555,7725.0
3086,2555,7725.0
3670,3037,7718.7
11050,8972,7713.0
1450,1201,7709.0
36,29,7708.0
37,29,7708.0
4822,3999,7701.0
4559,3781,7701.0
4821,3999,7701.0
4412,3659,7694.0
4411,3659,7694.0
2220,1830,7692.0
1904,1571,7692.0
2221,1830,7692.0
4709,3905,7689.0
4836,4013,7689.0
7311,6051,7685.0
4474,3711,7683.2
132,110,7664.0
2566,2122,7663.0
2981,2470,7658.0
4259,3528,7655.0
4287,3552,7648.0
4234,3506,7646.0
4493,3725,7642.0
1202,998,7641.0
4472,3709,7625.0
3854,3188,7623.0
4814,3993,7616.0
3462,2864,7611.0
3461,2864,7611.0
4352,3608,7610.0
4663,3869,7608.5
3394,2810,7608.0
3084,2554,7607.0
1051,873,7604.0
9346,7546,7603.8
2301,1895,7601.5
2300,1895,7601.5
4826,4003,7601.5
4050,3349,7601.0
2535,2092,7598.0
1905,1572,7596.0
12802,10404,7595.0
3347,2772,7594.0
2365,1946,7593.0
782,652,7591.0
4622,3835,7584.0
3861,3194,7584.0
530,440,7581.0
2852,2360,7580.0
3425,2834,7579.0
5928,4907,7575.0
1313,1095,7575.0
1314,1095,7575.0
1322,1101,7553.0
2620,2164,7552.0
2619,2164,7552.0
1927,1590,7550.0
1928,1590,7550.0
1833,1513,7549.0
4109,3399,7546.0
4116,3405,7543.0
4160,3439,7541.0
1194,990,7538.0
253,210,7534.0
4036,3338,7531.0
2370,1949,7525.0
3465,2867,7523.0
2499,2060,7523.0
1213,1009,7521.0
7348,6083,7518.0
7390,6118,7518.0
4100,3391,7515.0
5253,4361,7512.7
5254,4361,7512.7
13845,11265,7512.0
4516,3743,7510.0
3833,3169,7510.0
2153,1776,7510.0
2419,1991,7510.0
1204,1000,7506.0
1751,1443,7505.0
3504,2899,7503.0
1404,1166,7502.2
3482,2880,7501.0
3103,2572,7500.0
2863,2369,7499.0
2862,2369,7499.0
2546,2102,7497.0
3727,3082,7496.0
301,249,7494.0
5618,4660,7489.0
7241,5991,7485.0
4507,3735,7475.0
3691,3053,7465.0
13098,10652,7462.0
3852,3186,7456.0
3705,3064,7454.0
329,272,7454.0
251,208,7446.0
1532,1269,7439.0
1531,1269,7439.0
228,188,7426.0
1449,1200,7424.0
913,763,7417.0
1151,955,7411.0
1116,927,7405.0
76,65,7402.0
1255,1046,7399.0
1718,1417,7394.0
3921,3242,7389.0
3883,3210,7388.0
3609,2988,7384.0
3608,2988,7384.0
151,126,7384.0
3919,3240,7380.3
4225,3497,7379.0
159,132,7370.2
124,103,7370.2
158,132,7370.2
2226,1835,7369.0
4279,3545,7358.0
10090,8169,7356.0
127,105,7348.0
13231,10762,7347.0
3079,2550,7347.0
5333,4423,7343.0
9418,7607,7342.0
9419,7607,7342.0
1821,1502,7338.0
2141,1766,7336.0
3782,3127,7334.0
1439,1193,7334.0
4719,3913,7333.0
3527,2919,7331.0
4648,3855,7323.0
2350,1934,7322.0
2349,1934,7322.0
2917,2415,7308.0
2673,2209,7305.0
2674,2209,7305.0
1799,1485,7303.0
522,434,7303.0
2870,2375,7301.0
2368,1948,7300.0
2369,1948,7300.0
3129,2593,7300.0
57,48,7297.0
1640,1353,7297.0
56,48,7297.0
1685,1392,7297.0
4065,3362,7294.0
59,50,7293.0
2908,2407,7292.0
4299,3562,7290.5
569,473,7285.0
4766,3951,7284.0
6551,5428,7281.3
3341,2767,7272.0
3340,2767,7272.0
4219,3491,7271.0
55,47,7264.0
1829,1509,7263.0
1167,968,7262.0
1166,968,7262.0
3980,3289,7260.0
2719,2245,7248.8
6318,5228,7242.0
6317,5228,7242.0
4639,3848,7241.0
12750,10361,7240.0
6749,5591,7239.8
6750,5591,7239.8
4157,3437,7239.0
2354,1938,7232.0
1555,1285,7213.0
543,451,7208.0
4047,3346,7206.0
4046,3346,7206.0
2890,2394,7204.0
2891,2394,7204.0
519,431,7197.0
3480,2879,7193.0
3481,2879,7193.0
506,420,7192.0
289,239,7189.0
6033,4994,7178.8
7980,6609,7176.0
1682,1390,7158.0
4642,3850,7157.0
4641,3850,7157.0
1756,1448,7156.0
3550,2940,7156.0
1757,1448,7156.0
2935,2429,7155.0
9995,8092,7151.0
3011,2494,7146.0
1453,1204,7146.0
1242,1035,7136.0
873,728,7125.0
1814,1496,7125.0
2308,1900,7114.0
234,193,7110.0
233,193,7110.0
11123,9031,7106.0
4979,4134,7103.0
1900,1568,7103.0
1901,1568,7103.0
4603,3819,7102.0
3458,2862,7099.0
456,376,7097.0
4173,3451,7097.0
13190,10728,7088.5
1945,1604,7088.0
1196,992,7087.0
2709,2237,7087.0
1291,1076,7087.0
4461,3699,7085.0
11195,9093,7083.0
473,392,7070.0
4175,3453,7062.0
2551,2107,7058.0
399,327,7057.0
3730,3084,7042.0
13548,11021,7040.7
3516,2909,7036.0
3082,2552,7035.0
2950,2443,7034.0
916,766,7032.0
2459,2024,7024.0
2714,2241,7016.0
545,453,7012.0
1639,1352,7004.0
4553,3776,7000.0
4406,3655,6996.0
359,295,6992.0
215,176,6985.3
5866,4858,6983.3
3978,3287,6968.0
1808,1491,6966.0
1807,1491,6966.0
12943,10520,6959.8
11976,9730,6956.0
11977,9730,6956.0
2171,1791,6956.0
1669,1379,6953.0
4533,3757,6952.0
2313,1904,6951.0
3195,2649,6951.0
5389,4467,6950.5
1559,1289,6950.0
3644,3017,6948.0
484,400,6948.0
2264,1866,6947.0
4405,3654,6946.0
2959,2451,6944.0
2371,1950,6943.0
4792,3973,6941.0
537,446,6941.0
2834,2345,6940.2
370,303,6935.0
9456,7636,6934.0
2720,2246,6930.0
2548,2104,6927.0
4772,3956,6927.0
2954,2447,6911.0
2955,2447,6911.0
404,330,6908.0
403,330,6908.0
2785,2301,6907.0
4099,3390,6904.5
157,131,6904.0
3167,2625,6900.0
1589,1314,6889.0
1651,1363,6888.0
68,59,6885.0
2406,1980,6879.0
724,605,6876.0
4594,3813,6873.0
4595,3813,6873.0
12755,10364,6871.0
12754,10364,6871.0
226,186,6862.0
4539,3763,6855.0
1178,977,6846.0
2558,2114,6844.0
2582,2135,6841.0
2760,2280,6841.0
6422,5317,6835.8
561,467,6832.0
1165,967,6824.0
3791,3135,6814.0
1779,1467,6814.0
494,409,6810.0
5347,4434,6809.0
2314,1905,6803.0
2315,1905,6803.0
2797,2311,6798.0
3529,2921,6797.0
4082,3376,6794.0
221,181,6780.0
3397,2813,6771.0
3398,2813,6771.0
2799,2313,6767.0
2065,1700,6765.0
2653,2191,6762.0
4619,3833,6760.0
1719,1418,6759.0
2135,1761,6749.0
1195,991,6748.0
2513,2072,6746.0
2180,1800,6746.0
2363,1944,6741.0
4813,3992,6738.0
2603,2151,6736.0
4589,3808,6733.0
3751,3102,6722.0
3939,3256,6722.0
3752,3102,6722.0
781,651,6714.0
2093,1726,6709.0
9929,8038,6709.0
2094,1726,6709.0
2460,2025,6704.0
3711,3069,6704.0
10096,8173,6695.0
10095,8173,6695.0
9880,7997,6694.2
4241,3513,6692.0
4242,3513,6692.0
1355,1129,6689.0
6299,5213,6687.0
2137,1763,6685.0
448,368,6680.0
9427,7614,6678.7
9428,7614,6678.7
2721,2247,6667.0
11121,9030,6660.0
11122,9030,6660.0
3503,2898,6655.0
3502,2898,6655.0
6257,5181,6652.5
7521,6226,6643.7
4211,3484,6634.0
3732,3085,6630.0
2396,1971,6624.0
3099,2568,6620.0
1827,1507,6619.0
1826,1507,6619.0
3453,2858,6619.0
900,750,6615.0
2095,1727,6610.0
4806,3986,6609.0
1030,855,6608.0
1525,1264,6605.0
1526,1264,6605.0
2259,1862,6601.7
3450,2856,6599.0
1521,1260,6594.0
51,43,6589.0
4706,3903,6583.0
11574,9403,6583.0
4707,3903,6583.0
2400,1975,6581.0
358,294,6573.0
791,660,6572.0
859,717,6561.0
860,717,6561.0
3439,2845,6559.0
2759,2279,6556.3
2098,1729,6554.0
2097,1729,6554.0
1459,1208,6552.0
1885,1554,6551.0
393,322,6550.0
392,322,6550.0
3203,2655,6544.0
3204,2655,6544.0
980,816,6539.7
2755,2275,6531.0
1060,880,6530.1
1059,880,6530.1
4600,3817,6529.0
2173,1793,6527.0
225,185,6526.0
469,388,6524.0
2944,2438,6522.0
1181,980,6521.0
4807,3987,6518.0
4340,3597,6516.7
2622,2166,6516.0
4385,3636,6515.0
3124,2588,6509.0
4320,3581,6509.0
1614,1333,6508.0
3113,2580,6505.0
3114,2580,6505.0
12221,9928,6505.0
12220,9928,6505.0
4733,3925,6503.0
4564,3785,6502.0
4563,3785,6502.0
3749,3100,6497.0
11266,9153,6493.0
11267,9153,6493.0
897,748,6492.0
896,748,6492.0
12382,10068,6483.7
12383,10068,6483.7
12378,10065,6483.7
2528,2085,6474.0
4400,3649,6472.0
1395,1159,6470.0
1394,1159,6470.0
9915,8027,6469.7
777,647,6465.0
776,647,6465.0
1114,925,6463.0
140,116,6456.0
139,116,6456.0
3847,3182,6455.0
2429,1999,6454.0
4280,3546,6453.0
453,373,6452.0
9366,7562,6450.2
8677,7190,6450.0
8678,7190,6450.0
2810,2323,6446.0
4124,3411,6443.0
2843,2352,6443.0
601,500,6435.6
602,500,6435.6
4341,3598,6435.0
4705,3902,6435.0
1251,1043,6433.0
1252,1043,6433.0
13346,10857,6426.3
421,344,6422.0
4672,3875,6413.7
929,777,6412.0
2490,2052,6412.0
1616,1335,6411.0
7815,6473,6408.8
2904,2405,6407.0
2905,2405,6407.0
2838,2348,6406.0
3955,3267,6403.0
3954,3267,6403.0
3290,2724,6399.0
2739,2262,6395.0
4638,3847,6390.0
2228,1837,6387.0
4085,3378,6387.0
4084,3378,6387.0
557,463,6385.0
447,367,6384.0
3857,3191,6380.0
835,697,6372.0
2953,2446,6372.0
836,697,6372.0
3985,3294,6369.0
4354,3609,6366.0
4353,3609,6366.0
3523,2916,6363.0
1476,1223,6361.0
440,362,6361.0
4567,3787,6360.0
1046,868,6358.0
2309,1901,6355.0
2638,2179,6354.0
28,22,6352.0
3676,3042,6343.0
3677,3042,6343.0
11710,9510,6341.0
11709,9510,6341.0
3812,3152,6339.0
3519,2912,6336.0
11064,8982,6330.2
11063,8982,6330.2
831,693,6329.0
7186,5944,6325.0
2451,2018,6325.0
3232,2677,6324.0
3451,2857,6317.0
3452,2857,6317.0
4579,3799,6312.0
2128,1756,6307.0
4201,3476,6307.0
4202,3476,6307.0
4797,3978,6305.0
2746,2268,6303.0
4195,3471,6292.0
4194,3471,6292.0
3507,2902,6290.0
2298,1893,6289.0
2297,1893,6289.0
3184,2638,6284.0
1883,1552,6284.0
3021,2503,6279.0
3022,2503,6279.0
27,21,6276.0
2768,2287,6275.0
684,570,6273.0
2679,2213,6273.0
2680,2213,6273.0
1590,1315,6272.0
3673,3039,6268.0
4386,3637,6265.0
4265,3534,6264.0
612,509,6261.0
611,509,6261.0
1353,1127,6260.0
236,195,6260.0
237,195,6260.0
1953,1610,6258.0
12738,10351,6258.0
1952,1610,6258.0
12739,10351,6258.0
4723,3917,6256.0
4798,3979,6256.0
3870,3201,6250.0
3259,2701,6250.0
3871,3201,6250.0
676,563,6245.0
4519,3746,6242.0
1533,1270,6239.3
10198,8260,6239.2
10199,8260,6239.2
3334,2761,6238.0
4185,3462,6234.0
1932,1594,6227.0
1025,851,6225.0
1727,1424,6224.0
1728,1424,6224.0
2346,1931,6223.0
2345,1931,6223.0
3236,2681,6222.0
474,393,6222.0
932,780,6220.0
9642,7795,6202.0
9641,7795,6202.0
4608,3824,6198.0
5117,4245,6197.0
1648,1361,6195.0
1649,1361,6195.0
2325,1915,6194.0
4021,3327,6193.0
1569,1297,6189.0
1570,1297,6189.0
1296,1080,6185.0
838,698,6177.0
837,698,6177.0
1090,905,6176.0
4359,3613,6174.0
3459,2863,6168.0
3460,2863,6168.0
695,578,6159.0
696,578,6159.0
3524,2917,6157.0
4064,3361,6154.0
4063,3361,6154.0
4001,3309,6152.0
98,83,6150.0
99,83,6150.0
3913,3235,6149.0
1029,854,6147.0
317,263,6145.0
3792,3136,6144.0
11362,9227,6141.0
4101,3392,6139.0
9670,7819,6137.0
715,597,6135.0
11907,9673,6134.2
11906,9673,6134.2
8064,6678,6133.0
3430,2838,6120.0
12561,10215,6120.0
4720,3914,6118.0
2850,2358,6114.0
1713,1413,6113.0
538,447,6108.0
3381,2798,6094.0
691,575,6085.0
690,575,6085.0
2614,2160,6084.0
566,471,6081.0
567,471,6081.0
1803,1488,6080.0
823,686,6070.0
50,42,6070.0
857,715,6063.0
87,73,6061.0
4861,4033,6058.0
3410,2821,6055.0
1027,853,6051.0
1028,853,6051.0
1731,1427,6046.0
5978,4949,6039.8
4397,3646,6037.0
4396,3646,6037.0
2271,1872,6023.0
2270,1872,6023.0
5002,4150,6023.0
3016,2498,6021.0
8502,7045,6015.3
1022,848,6015.0
3355,2778,6013.0
9718,7859,6010.2
9717,7859,6010.2
2565,2121,6007.0
10987,8919,6007.0
10988,8919,6007.0
2160,1783,6003.0
3043,2521,6002.0
2948,2441,5994.0
12464,10131,5983.0
2552,2108,5974.0
9755,7890,5957.0
3067,2541,5957.0
3068,2541,5957.0
2040,1680,5955.0
223,183,5954.0
719,600,5952.0
1387,1153,5951.0
1750,1442,5950.0
1084,900,5950.0
1083,900,5950.0
4659,3865,5947.0
2930,2425,5936.0
8333,6902,5935.0
4458,3697,5932.0
2194,1810,5925.0
8615,7136,5921.0
1186,984,5911.0
12844,10440,5910.0
4586,3805,5908.0
4585,3805,5908.0
1784,1472,5902.0
7914,6555,5900.0
2487,2049,5891.0
1119,929,5884.0
478,396,5882.0
1668,1378,5874.0
3228,2673,5870.0
3736,3088,5866.0
3735,3088,5866.0
144,120,5864.0
4670,3874,5861.0
4671,3874,5861.0
1326,1105,5854.0
3249,2693,5852.0
3250,2693,5852.0
3469,2870,5851.0
3946,3261,5844.0
4398,3647,5842.0
3015,2497,5841.0
4190,3467,5836.0
9569,7733,5836.0
10479,8492,5834.0
10076,8159,5827.0
10077,8159,5827.0
4212,3485,5827.0
1571,1298,5822.0
1694,1399,5814.0
1693,1399,5814.0
11874,9646,5813.5
11875,9646,5813.5
8356,6922,5811.7
13405,10905,5811.0
29,23,5807.0
13556,11027,5803.2
2186,1805,5803.0
12643,10280,5802.3
10963,8899,5801.8
2589,2141,5796.0
6571,5445,5793.0
4049,3348,5787.0
3963,3274,5775.0
630,524,5768.0
1958,1614,5763.0
1957,1614,5763.0
617,514,5760.0
2812,2325,5759.0
1914,1581,5758.0
1915,1581,5758.0
3032,2511,5755.0
3031,2511,5755.0
3501,2897,5751.0
4511,3738,5750.0
707,589,5746.0
4918,4081,5746.0
4034,3337,5743.0
4035,3337,5743.0
1031,856,5737.0
3606,2986,5724.0
1815,1497,5724.0
6077,5033,5720.0
2761,2281,5720.0
4587,3806,5712.0
3464,2866,5711.0
902,752,5707.0
4573,3793,5706.0
2422,1993,5700.3
2563,2119,5688.0
11701,9504,5688.0
546,454,5687.0
2282,1881,5686.0
4191,3468,5685.0
1981,1635,5683.0
673,560,5683.0
1261,1050,5673.0
1260,1050,5673.0
205,169,5671.0
10714,8688,5665.0
1310,1092,5664.0
3882,3209,5659.0
3881,3209,5659.0
3291,2725,5658.0
4417,3664,5658.0
3493,2890,5653.0
4892,4059,5652.0
1334,1113,5646.0
3489,2887,5645.0
1418,1178,5639.0
2596,2146,5630.0
344,284,5629.0
256,213,5625.0
101,85,5623.0
13285,10807,5622.5
4177,3455,5622.5
3764,3112,5619.3
3763,3112,5619.3
10269,8316,5616.2
2290,1887,5608.0
588,489,5608.0
1620,1338,5599.0
1619,1338,5599.0
3499,2895,5598.0
3091,2560,5591.0
993,826,5585.0
339,281,5578.0
340,281,5578.0
3267,2707,5578.0
4711,3906,5577.3
4712,3907,5577.3
4710,3906,5577.3
986,820,5577.0
12890,10478,5575.3
4069,3366,5572.0
4070,3366,5572.0
507,421,5571.0
3607,2987,5569.0
2391,1966,5569.0
936,782,5566.0
935,782,5566.0
2401,1976,5565.0
2025,1669,5562.0
2026,1669,5562.0
671,558,5557.0
3289,2723,5546.0
2889,2393,5545.0
2715,2242,5538.0
1633,1348,5534.0
1634,1348,5534.0
2037,1677,5530.0
578,480,5514.0
3023,2504,5513.0
3998,3306,5513.0
1596,1320,5513.0
4336,3593,5510.0
1823,1504,5506.0
1482,1229,5505.0
1922,1586,5504.0
887,739,5504.0
1921,1586,5504.0
2070,1705,5502.0
4615,3830,5498.0
2570,2124,5494.0
2569,2124,5494.0
3528,2920,5493.0
3075,2547,5492.0
2903,2404,5488.0
2902,2404,5488.0
3300,2734,5486.0
4348,3605,5482.0
787,656,5477.0
4661,3867,5476.0
2434,2004,5472.0
3743,3094,5469.0
3742,3094,5469.0
4689,3890,5467.0
326,270,5462.0
327,270,5462.0
1207,1003,5461.0
1034,858,5456.0
3160,2619,5454.0
2018,1664,5454.0
2413,1986,5451.0
824,687,5442.0
4422,3669,5442.0
544,452,5433.0
7127,5891,5432.3
2108,1737,5432.0
1889,1558,5431.0
2157,1780,5429.0
1331,1110,5427.0
492,407,5425.0
8200,6792,5424.0
12325,10019,5415.0
2496,2057,5414.0
5526,4585,5412.0
5527,4585,5412.0
2769,2288,5411.0
991,824,5406.0
3140,2602,5405.0
3139,2602,5405.0
2394,1969,5403.0
784,653,5397.0
783,653,5397.0
3614,2992,5396.0
6363,5267,5388.5
6349,5256,5388.5
3009,2493,5375.0
3010,2493,5375.0
2878,2383,5370.0
485,401,5369.0
1139,944,5361.0
1138,944,5361.0
229,189,5354.0
526,437,5354.0
527,437,5354.0
1180,979,5354.0
5376,4456,5353.5
5367,4448,5353.5
5364,4447,5353.5
5365,4447,5353.5
5366,4448,5353.5
4699,3897,5350.0
4426,3672,5345.0
2985,2472,5342.0
2984,2472,5342.0
1938,1599,5341.0
4928,4091,5339.0
3047,2525,5337.0
4404,3653,5336.0
3779,3124,5336.0
905,755,5332.0
2978,2467,5332.0
2461,2026,5330.0
13923,11327,5325.0
264,219,5324.0
308,255,5323.0
4368,3621,5319.0
940,786,5318.0
944,789,5316.0
945,789,5316.0
2770,2289,5309.0
3477,2877,5305.0
3193,2647,5303.0
1104,916,5299.0
1103,916,5299.0
4768,3953,5297.7
3292,2726,5297.0
517,429,5286.0
2937,2431,5286.0
698,580,5286.0
3415,2825,5284.0
565,470,5276.0
12095,9828,5274.7
4763,3948,5273.0
2138,1764,5270.0
4433,3678,5269.0
4028,3331,5268.0
898,749,5268.0
3714,3072,5268.0
899,749,5268.0
4027,3331,5268.0
2477,2040,5262.0
2642,2182,5262.0
2476,2040,5262.0
1169,970,5260.0
2796,2310,5259.0
4230,3502,5258.0
1687,1393,5254.0
1686,1393,5254.0
3338,2765,5254.0
525,436,5250.0
524,436,5250.0
313,260,5247.0
314,260,5247.0
1177,976,5244.0
3416,2826,5240.0
3417,2826,5240.0
1208,1004,5237.0
3476,2876,5231.0
4462,3700,5230.0
2467,2032,5229.0
1836,1515,5219.0
1655,1367,5213.0
4217,3489,5210.0
90,76,5208.0
910,760,5206.0
10459,8475,5206.0
13051,10613,5204.2
3231,2676,5197.0
3183,2637,5194.0
2618,2163,5194.0
2983,2471,5192.0
2982,2471,5192.0
3521,2914,5189.0
4583,3803,5188.0
12851,10445,5185.0
3441,2847,5185.0
12850,10445,5185.0
9362,7559,5178.0
4750,3939,5177.0
3813,3153,5176.0
1710,1411,5174.0
974,811,5171.7
973,811,5171.7
1271,1058,5169.0
1049,871,5168.0
582,484,5167.0
7435,6158,5165.2
924,772,5165.0
2197,1813,5162.0
3422,2831,5156.0
1891,1560,5150.0
4056,3354,5148.0
1697,1402,5139.0
1698,1402,5139.0
879,732,5129.0
3128,2592,5129.0
3187,2641,5126.0
4771,3955,5126.0
3090,2559,5123.0
4652,3859,5120.2
694,577,5120.0
3936,3254,5119.0
3937,3254,5119.0
1285,1070,5116.0
138,115,5110.0
4446,3687,5106.0
4447,3687,5106.0
3577,2963,5101.0
2748,2269,5093.0
2747,2269,5093.0
11851,9627,5091.3
706,588,5089.0
814,678,5088.0
2039,1679,5087.0
1654,1366,5084.0
4223,3495,5079.0
12432,10105,5079.0
632,526,5074.0
633,526,5074.0
4313,3575,5070.0
3390,2806,5068.0
3297,2731,5044.0
493,408,5042.0
4731,3923,5037.0
922,771,5030.0
923,771,5030.0
2910,2409,5028.0
1341,1118,5025.0
3733,3086,5022.0
489,404,5013.0
6408,5305,5011.2
4682,3884,5011.0
4681,3884,5011.0
2486,2048,5008.0
627,522,5007.0
628,522,5007.0
3310,2742,5006.0
2174,1794,5002.0
4,3,5001.0
5,3,5001.0
4817,3995,4999.0
4126,3413,4987.0
4127,3413,4987.0
471,390,4977.0
321,266,4975.2
1221,1017,4969.0
1983,1636,4964.0
1982,1636,4964.0
4294,3558,4963.0
4293,3558,4963.0
2887,2391,4959.0
3993,3301,4956.0
2650,2189,4956.0
2651,2189,4956.0
2096,1728,4954.0
1148,952,4946.0
3777,3122,4944.0
3776,3122,4944.0
4562,3784,4943.0
3567,2953,4943.0
7065,5837,4939.0
3506,2901,4936.0
2508,2069,4933.0
2509,2069,4933.0
4580,3800,4928.0
2043,1683,4926.0
2515,2074,4922.0
2704,2232,4916.0
3689,3051,4911.0
4205,3478,4906.0
2489,2051,4898.2
6256,5180,4897.0
6255,5180,4897.0
2329,1919,4887.0
2952,2445,4886.0
6235,5164,4882.0
4098,3389,4882.0
3148,2609,4881.9
3149,2609,4881.9
9,7,4880.0
1754,1446,4877.0
775,646,4876.0
5911,4894,4875.8
3975,3284,4872.0
2999,2484,4870.0
4724,3918,4865.0
8074,6686,4853.8
816,680,4853.0
4383,3634,4851.1
1044,866,4851.0
1108,919,4850.0
3245,2689,4848.0
6936,5735,4845.0
6946,5742,4845.0
1529,1267,4831.0
2142,1767,4829.0
2143,1767,4829.0
4588,3807,4828.0
5189,4309,4825.3
1379,1146,4821.0
1378,1146,4821.0
175,145,4815.0
10555,8558,4806.5
10543,8547,4806.5
613,510,4804.0
130,108,4803.0
5275,4377,4788.3
1795,1482,4788.0
3147,2608,4788.0
2556,2112,4788.0
548,456,4783.1
1988,1640,4783.0
3595,2977,4782.0
815,679,4780.0
1220,1016,4774.0
432,354,4771.0
3115,2581,4769.0
2790,2306,4765.0
4527,3752,4765.0
3213,2661,4764.0
6804,5632,4760.0
6803,5632,4760.0
1613,1332,4755.0
642,533,4746.0
641,533,4746.0
5441,4511,4746.0
1134,940,4738.0
1133,940,4738.0
1266,1054,4736.0
1414,1174,4731.0
2189,1807,4731.0
2038,1678,4730.0
12344,10036,4729.9
2423,1994,4729.0
1520,1259,4725.0
886,738,4723.0
3002,2487,4717.0
4457,3696,4714.0
466,386,4711.0
467,386,4711.0
1880,1550,4708.0
2762,2282,4704.0
713,595,4702.0
3331,2758,4692.0
2067,1702,4689.0
3991,3299,4676.0
2378,1956,4674.0
13924,11328,4674.0
4793,3974,4670.0
1105,917,4669.0
1106,917,4669.0
2260,1863,4668.0
2261,1863,4668.0
1797,1483,4663.0
1796,1483,4663.0
3996,3304,4660.0
2004,1653,4656.0
4187,3464,4654.0
6175,5118,4650.0
3697,3057,4646.0
3146,2607,4640.0
3571,2957,4640.0
3483,2881,4639.0
4473,3710,4633.0
6185,5126,4632.0
6186,5126,4632.0
3685,3048,4631.2
3926,3246,4621.0
2530,2087,4619.9
2555,2111,4619.9
4018,3324,4617.0
4449,3689,4609.9
2081,1716,4607.0
1012,840,4606.0
1013,840,4606.0
3747,3098,4605.0
3303,2736,4604.0
3302,2736,4604.0
1514,1255,4598.0
510,424,4591.0
3306,2739,4587.0
808,673,4586.0
3590,2973,4585.0
3402,2816,4577.0
3403,2816,4577.0
2253,1857,4574.0
2252,1857,4574.0
5774,4784,4572.0
5775,4784,4572.0
3616,2994,4571.0
3196,2650,4563.0
1048,870,4562.0
1118,928,4561.0
1117,928,4561.0
3581,2966,4560.0
4257,3526,4559.0
1851,1527,4557.2
3027,2507,4556.0
2527,2084,4554.0
129,107,4554.0
2782,2298,4550.0
4555,3778,4550.0
8096,6706,4549.0
185,153,4544.0
4188,3465,4543.0
11271,9156,4537.3
4574,3794,4536.0
4543,3767,4536.0
2447,2015,4535.0
2448,2015,4535.0
1753,1445,4524.0
4610,3826,4518.0
941,787,4517.0
3060,2535,4516.0
3061,2535,4516.0
1540,1276,4516.0
1541,1276,4516.0
4450,3690,4514.0
4678,3881,4507.0
4756,3944,4503.0
4757,3944,4503.0
830,692,4503.0
4937,4099,4499.0
4269,3537,4495.0
968,808,4492.0
4455,3694,4492.0
2088,1722,4472.0
77,66,4471.3
535,444,4469.0
1466,1214,4469.0
786,655,4469.0
1081,898,4464.0
2647,2187,4456.0
2648,2187,4456.0
3304,2737,4456.0
4640,3849,4447.0
3811,3151,4444.0
6691,5541,4442.0
1656,1368,4439.0
2716,2243,4437.0
1850,1526,4433.0
2871,2376,4428.0
2777,2294,4426.0
150,125,4422.1
1432,1188,4421.0
231,191,4420.9
4295,3559,4418.0
1612,1331,4416.0
1611,1331,4416.0
4697,3895,4414.0
3019,2501,4411.0
2491,2053,4409.0
2492,2053,4409.0
2817,2329,4400.0
3971,3280,4397.0
2581,2134,4396.0
6511,5395,4393.8
3788,3132,4388.0
1517,1257,4387.0
3177,2632,4383.0
603,501,4382.7
3136,2600,4379.0
4087,3380,4376.0
1554,1284,4375.5
2631,2174,4367.0
2632,2174,4367.0
2480,2043,4366.0
722,603,4361.0
84,71,4359.0
83,71,4359.0
1406,1168,4358.0
1407,1168,4358.0
6616,5481,4358.0
3797,3140,4354.0
3796,3140,4354.0
1496,1240,4353.0
9945,8051,4340.0
9946,8051,4340.0
1256,1047,4339.0
4617,3832,4336.0
4618,3832,4336.0
946,790,4335.8
1462,1211,4335.0
48,40,4334.0
2465,2030,4325.0
4132,3418,4318.0
4133,3418,4318.0
2154,1777,4315.0
2156,1779,4314.0
2597,2147,4306.0
2598,2147,4306.0
4788,3969,4299.0
4469,3706,4298.0
247,205,4297.0
3533,2925,4297.0
486,402,4294.0
61,52,4283.0
2879,2384,4282.0
5203,4320,4280.0
2468,2033,4274.0
2326,1916,4269.0
2440,2009,4263.0
4334,3591,4261.0
4333,3591,4261.0
1011,839,4254.0
164,137,4251.0
8610,7133,4250.0
8611,7133,4250.0
4112,3401,4247.0
3780,3125,4245.0
3143,2605,4245.0
4698,3896,4244.0
8076,6688,4243.0
3741,3093,4238.0
626,521,4234.0
562,468,4234.0
1501,1244,4233.0
4479,3714,4233.0
2328,1918,4231.0
4514,3741,4228.0
4654,3861,4227.0
4655,3861,4227.0
3793,3137,4226.5
208,172,4221.0
209,172,4221.0
1286,1071,4219.5
1241,1034,4219.0
5243,4352,4216.0
2875,2380,4206.0
917,767,4199.0
2438,2008,4198.0
2439,2008,4198.0
7797,6461,4192.5
7796,6461,4192.5
10066,8149,4190.3
434,356,4188.0
3641,3014,4187.0
3640,3014,4187.0
3834,3170,4187.0
3448,2854,4186.0
2724,2250,4182.0
4129,3415,4178.0
3006,2490,4175.0
1875,1546,4173.0
5487,4550,4166.0
470,389,4164.0
1452,1203,4161.0
846,705,4161.0
2811,2324,4151.0
81,70,4150.0
1485,1231,4150.0
82,70,4150.0
1486,1231,4150.0
3255,2697,4149.0
797,665,4149.0
1630,1345,4142.0
1629,1345,4142.0
2420,1992,4140.0
2421,1992,4140.0
60,51,4131.0
1534,1271,4128.0
1734,1430,4127.0
1735,1430,4127.0
3814,3154,4124.0
608,506,4120.0
1819,1500,4119.0
2372,1951,4118.0
1511,1252,4114.7
1970,1625,4113.0
2213,1825,4113.0
262,217,4112.0
294,243,4108.0
66,57,4107.0
274,228,4104.0
2691,2222,4103.8
2688,2219,4103.8
9236,7454,4096.0
1243,1036,4095.0
662,549,4091.0
1216,1012,4090.8
718,599,4085.0
9611,7769,4085.0
717,599,4085.0
1290,1075,4076.0
44,36,4069.0
1729,1425,4069.0
410,336,4067.0
1782,1470,4060.0
13172,10711,4058.0
33,27,4054.0
1879,1549,4052.0
4316,3578,4051.0
5684,4715,4049.0
4303,3566,4049.0
293,242,4039.0
335,278,4038.0
22,17,4032.0
23,17,4032.0
2170,1790,4031.0
10287,8330,4027.0
10288,8330,4027.0
4534,3758,4009.0
3534,2926,4008.0
3927,3247,4006.0
3036,2514,4001.0
3287,2721,3996.0
3286,2721,3996.0
3781,3126,3992.0
2994,2479,3991.0
189,157,3991.0
1154,958,3990.0
1155,958,3990.0
515,428,3987.0
516,428,3987.0
1472,1219,3986.0
2752,2272,3986.0
3513,2907,3983.0
2355,1939,3983.0
3514,2907,3983.0
1852,1528,3981.0
4556,3779,3981.0
3321,2750,3979.0
4090,3382,3975.8
156,130,3969.0
2771,2290,3965.0
3142,2604,3965.0
2772,2290,3965.0
3048,2526,3964.0
1332,1111,3962.0
3701,3060,3960.0
3899,3224,3958.0
3368,2789,3956.0
2667,2204,3954.0
2668,2204,3954.0
8,6,3954.0
2249,1854,3948.0
1397,1161,3947.0
1057,878,3943.0
3708,3067,3934.0
3709,3067,3934.0
1036,859,3930.0
1035,859,3930.0
2670,2206,3930.0
3216,2664,3928.0
1219,1015,3925.0
1576,1302,3924.0
1575,1302,3924.0
3253,2695,3923.0
2820,2332,3919.0
863,720,3916.0
2884,2389,3912.0
4522,3749,3904.0
4523,3749,3904.0
3017,2499,3903.0
2283,1882,3903.0
402,329,3902.0
9933,8041,3900.5
3188,2642,3899.0
2030,1672,3898.0
912,762,3895.0
2827,2339,3893.0
4347,3604,3893.0
41,33,3892.0
186,154,3891.0
2825,2337,3890.0
3922,3243,3886.0
3923,3243,3886.0
3020,2502,3885.0
4820,3998,3883.0
7366,6097,3883.0
3925,3245,3878.0
3710,3068,3878.0
3215,2663,3877.0
2442,2010,3876.0
2441,2010,3876.0
2708,2236,3873.7
1135,941,3871.0
1422,1181,3870.0
1423,1181,3870.0
4749,3938,3869.0
2849,2357,3869.0
1536,1273,3863.0
3202,2654,3861.0
2337,1925,3860.0
2336,1925,3860.0
1170,971,3860.0
1087,902,3855.0
3161,2620,3855.0
1086,902,3855.0
3005,2489,3854.0
3486,2884,3854.0
1257,1048,3852.0
1258,1048,3852.0
2175,1795,3850.0
854,712,3847.2
822,685,3847.2
3904,3228,3847.0
357,293,3847.0
3905,3228,3847.0
356,293,3847.0
2444,2012,3844.0
1288,1073,3843.0
3234,2679,3842.0
2881,2386,3839.0
1182,981,3838.0
2615,2161,3838.0
1054,875,3837.0
4308,3570,3836.0
697,579,3836.0
4510,3737,3834.0
2967,2457,3834.0
3243,2687,3830.0
3470,2871,3829.0
2113,1742,3827.0
2786,2302,3827.0
3316,2747,3826.0
3317,2747,3826.0
1479,1226,3826.0
2773,2291,3825.0
2774,2291,3825.0
495,410,3825.0
455,375,3824.0
176,146,3823.0
4233,3505,3823.0
3065,2539,3823.0
1712,1412,3819.0
1711,1412,3819.0
9702,7844,3816.0
1709,1410,3816.0
13260,10788,3813.7
1635,1349,3813.0
1636,1349,3813.0
1954,1611,3806.0
2032,1674,3804.0
2033,1674,3804.0
2348,1933,3804.0
3367,2788,3803.0
3366,2788,3803.0
643,534,3801.0
1161,963,3799.0
655,544,3798.2
11083,8998,3798.1
1497,1241,3796.0
1055,876,3796.0
1498,1241,3796.0
4138,3423,3795.0
4123,3410,3794.0
4122,3410,3794.0
3233,2678,3793.0
428,350,3791.0
1274,1061,3790.0
3858,3192,3790.0
3859,3192,3790.0
9555,7721,3788.3
3802,3144,3786.0
3322,2751,3783.0
3631,3006,3783.0
3630,3006,3783.0
742,618,3782.0
856,714,3782.0
4361,3615,3781.0
1835,1514,3781.0
1834,1514,3781.0
2977,2466,3770.0
3327,2755,3767.0
4319,3580,3765.0
4318,3580,3765.0
2254,1858,3764.0
6798,5628,3757.0
13690,11138,3744.7
13694,11141,3744.7
1495,1239,3744.0
3008,2492,3741.0
311,258,3737.0
1874,1545,3737.0
620,516,3736.0
619,516,3736.0
3498,2894,3735.8
3868,3199,3735.0
128,106,3735.0
1760,1451,3734.0
2387,1962,3733.0
2408,1982,3732.0
2707,2235,3730.0
1812,1495,3729.0
1813,1495,3729.0
197,163,3728.0
2131,1759,3722.0
2132,1759,3722.0
3699,3059,3720.0
3700,3059,3720.0
1307,1089,3718.0
4105,3395,3712.0
4674,3877,3711.0
3855,3189,3702.8
3829,3166,3702.8
1854,1530,3700.0
1041,864,3699.0
3721,3077,3698.0
6764,5602,3697.8
2892,2395,3696.0
3125,2589,3694.0
2547,2103,3693.0
2395,1970,3690.0
3064,2538,3689.0
1717,1416,3688.0
2432,2002,3688.0
2218,1829,3684.0
2219,1829,3684.0
3583,2968,3678.0
3584,2968,3678.0
4664,3870,3673.0
3966,3276,3668.0
3965,3276,3668.0
2107,1736,3666.0
1818,1499,3666.0
2106,1736,3666.0
1817,1499,3666.0
692,576,3662.0
693,576,3662.0
4051,3350,3661.0
4052,3350,3661.0
1396,1160,3658.0
373,306,3657.0
1130,938,3653.0
2246,1851,3649.0
5580,4631,3647.0
5579,4631,3647.0
280,232,3643.0
4781,3963,3642.0
2474,2038,3642.0
3762,3111,3641.0
7576,6273,3639.5
753,626,3639.0
752,626,3639.0
1906,1573,3638.0
4799,3980,3631.0
4800,3980,3631.0
2976,2465,3630.0
19,14,3629.0
1056,877,3628.0
3349,2774,3628.0
1956,1613,3628.0
10528,8533,3626.0
3214,2662,3625.0
1997,1647,3623.0
13588,11053,3619.1
2703,2231,3612.0
1502,1245,3611.0
1725,1423,3607.0
1726,1423,3607.0
927,775,3607.0
1642,1355,3606.0
2750,2270,3604.0
2749,2270,3604.0
3348,2773,3603.0
596,496,3602.0
1577,1303,3601.0
2574,2128,3601.0
3554,2944,3599.0
3555,2944,3599.0
4222,3494,3599.0
2520,2078,3598.0
1991,1642,3597.0
7814,6472,3597.0
1976,1630,3595.0
2318,1908,3594.0
3972,3281,3594.0
15,12,3592.0
16,12,3592.0
1547,1279,3587.0
1546,1279,3587.0
4282,3548,3586.0
4590,3809,3586.0
11208,9104,3585.2
11304,9179,3583.7
232,192,3583.0
6034,4995,3583.0
855,713,3581.0
1565,1294,3581.0
882,735,3576.0
1781,1469,3574.0
1994,1644,3573.0
1993,1644,3573.0
3844,3179,3571.0
2330,1920,3570.0
10492,8505,3570.0
3770,3117,3570.0
1460,1209,3568.0
3260,2702,3566.0
3261,2702,3566.0
3536,2928,3566.0
431,353,3566.0
9914,8026,3563.0
1323,1102,3559.0
3589,2972,3554.8
3588,2971,3554.8
553,460,3554.0
552,460,3554.0
2068,1703,3554.0
1176,975,3550.0
1175,975,3550.0
437,359,3544.0
408,334,3542.0
3434,2841,3536.0
3433,2841,3536.0
2533,2090,3532.0
2779,2296,3531.0
2780,2296,3531.0
1191,987,3528.0
405,331,3528.0
1190,987,3528.0
3385,2801,3524.0
3552,2942,3523.0
4725,3919,3521.0
4726,3919,3521.0
1287,1072,3520.0
4572,3792,3518.0
2577,2131,3517.0
3071,2544,3514.0
938,784,3510.0
558,464,3509.0
385,315,3509.0
678,565,3509.0
1150,954,3505.0
9798,7926,3505.0
269,224,3503.0
4509,3736,3500.0
4508,3736,3500.0
4436,3680,3500.0
4016,3323,3498.0
3339,2766,3498.0
4017,3323,3498.0
3597,2979,3494.0
3463,2865,3493.0
1593,1317,3493.0
1592,1317,3493.0
1315,1096,3488.0
207,171,3486.0
1564,1293,3484.0
928,776,3483.0
4337,3594,3483.0
1265,1053,3482.0
2064,1699,3482.0
3131,2595,3481.0
2837,2347,3477.0
2836,2347,3477.0
2462,2027,3476.0
1388,1154,3475.0
1121,931,3474.0
2242,1848,3473.0
2243,1848,3473.0
3488,2886,3472.0
1789,1476,3467.0
3961,3272,3465.0
350,288,3464.0
1003,833,3462.0
4317,3579,3460.0
2791,2307,3459.0
196,162,3458.0
195,162,3458.0
4093,3385,3454.0
894,746,3452.0
398,326,3448.0
2367,1947,3448.0
2366,1947,3448.0
4309,3571,3446.0
1842,1519,3443.0
267,222,3440.9
4248,3518,3438.0
2155,1778,3432.0
1689,1395,3432.0
779,649,3430.1
1793,1480,3425.2
1950,1608,3425.0
2655,2193,3424.0
1293,1078,3423.0
1294,1078,3423.0
2002,1652,3422.0
2813,2326,3422.0
2003,1652,3422.0
11359,9225,3421.5
11337,9208,3421.5
11360,9225,3421.5
1601,1324,3421.0
1602,1324,3421.0
4015,3322,3421.0
191,158,3420.0
190,158,3420.0
184,152,3419.0
183,152,3419.0
155,129,3417.0
154,129,3417.0
1771,1460,3417.0
2882,2387,3414.0
4258,3527,3414.0
2628,2172,3413.0
5727,4746,3413.0
2629,2172,3413.0
2911,2410,3410.0
3849,3184,3410.0
2912,2410,3410.0
3059,2534,3410.0
1193,989,3409.0
746,621,3409.0
745,621,3409.0
4380,3631,3407.0
3337,2764,3406.0
597,497,3405.0
3827,3164,3404.0
3826,3164,3404.0
3610,2989,3395.0
2798,2312,3392.0
3275,2713,3387.0
3274,2713,3387.0
3248,2692,3386.0
3569,2955,3386.0
1966,1622,3385.0
4747,3937,3385.0
4748,3937,3385.0
270,225,3385.0
271,225,3385.0
2874,2379,3381.0
3069,2542,3380.0
574,477,3377.0
1912,1579,3377.0
3712,3070,3374.0
89,75,3369.0
4695,3894,3366.0
4696,3894,3366.0
4442,3684,3365.0
4644,3852,3364.0
6,4,3363.0
4232,3504,3360.0
4335,3592,3360.0
3724,3080,3359.0
4388,3639,3358.0
3133,2597,3355.0
4037,3339,3354.0
3654,3025,3354.0
622,518,3353.0
1946,1605,3353.0
4297,3560,3350.0
1335,1114,3350.0
4296,3560,3350.0
1336,1114,3350.0
3109,2577,3347.0
4189,3466,3346.0
637,529,3344.0
1984,1637,3343.0
829,691,3342.0
844,704,3338.0
845,704,3338.0
2324,1914,3335.0
960,801,3332.0
1563,1292,3331.0
793,662,3330.0
794,662,3330.0
769,641,3330.0
439,361,3329.0
4736,3927,3326.0
4376,3628,3323.0
4431,3676,3319.0
1597,1321,3319.0
2116,1744,3317.0
6367,5270,3317.0
1308,1090,3317.0
3598,2980,3316.0
3599,2980,3316.0
2053,1690,3311.0
4414,3661,3310.0
3361,2784,3307.0
318,264,3307.0
3466,2868,3306.0
1063,882,3306.0
656,545,3306.0
3467,2868,3306.0
1062,882,3306.0
1721,1419,3305.0
1720,1419,3305.0
1934,1596,3303.0
2767,2286,3301.0
3127,2591,3301.0
2766,2286,3301.0
4023,3328,3300.0
4022,3328,3300.0
2292,1889,3298.0
1581,1307,3297.0
3832,3168,3292.0
1066,885,3292.0
3831,3168,3292.0
13931,11333,3286.7
2069,1704,3285.0
1566,1295,3282.0
